"","time","y","coal","gas","stocks","oil","temp"
"1",2008.00819672131,23.4475,87.6071640777523,24.2975,4306.6375,65.6344962227315,2.8541666665
"2",2008.02568306011,23.37,88.4305357989569,26.006,4250.632,63.1470568312674,5.9033333332
"3",2008.04508196721,22.26,89.394017050211,24.295,3986.875,61.0715322980199,7.175
"4",2008.06393442623,20.376,89.2740958525597,23.686,3736.642,60.7646970748772,5.6433333334
"5",2008.08306010929,19.616,93.5219285820282,22.646,3825.35,61.6037341319627,4.7799999998
"6",2008.10218579235,19.964,95.1618885393629,21.922,3711.164,61.895407777793,6.37
"7",2008.12090163934,20.3475,96.9943719315052,22.0925,3799.995,64.3515746617172,4.1333333335
"8",2008.14043715847,21.566,96.5961361545538,22.228,3775.61,66.0100654797338,6.96
"9",2008.15956284153,21.198,95.1050614510374,22.716,3779.2,65.9733051407427,7.9533333334
"10",2008.17868852459,21.26,94.980604208299,23.032,3607.04,66.3910766297036,5.0033333334
"11",2008.19535519126,22.11,92.0447602816811,23.63,3605.1,68.5890221550532,8.375
"12",2008.2131147541,21.7166666666667,90.2936955078083,23.1366666666667,3531.36666666667,65.6926801053962,3.94444444433333
"13",2008.23606557377,22.26,86.8005884441739,23.242,3633.052,65.1422918886014,6.0633333334
"14",2008.25519125683,23.308,81.2251351627053,25.1,3790.01,66.1124145669693,9.1366666652
"15",2008.27431693989,24.204,84.1705836891384,25.094,3743.152,68.6186319350302,7.1566666666
"16",2008.2943989071,24.8925,86.84135843345,25.735,3748.615,71.2783401128875,8.537500001
"17",2008.31256830601,24.844,88.1114535377747,26.614,3774.156,73.5367601364634,12.749999998
"18",2008.33196721311,24.37,92.9244143926588,25.9,3842.075,73.6279481606697,13.045833335
"19",2008.34836065574,25.105,96.3576641154674,25.9525,3843.5775,79.4275173540881,16.141666665
"20",2008.36953551913,24.8725,97.8887686368262,25.92,3852.9175,79.5176635921624,13.270833335
"21",2008.38907103825,25.928,99.2325675950396,25.416,3772.038,83.2219455173816,13.656666666
"22",2008.40819672131,26.312,103.224440566619,26.754,3740.96,82.366300554301,16.87
"23",2008.42732240437,27.04,110.911424903723,28.316,3662.652,82.9037227214377,17.44
"24",2008.44398907104,27.17,114.856560690837,28.835,3547.3375,86.7395452634303,15.4791666675
"25",2008.46557377049,27.512,116.773097126378,28.588,3480.834,86.6373982902462,17.586666668
"26",2008.48469945355,28.072,121.579811818031,28.502,3384.87,87.9489693281216,19.180000002
"27",2008.50382513661,27.984,136.210221793635,29.61,3304.028,91.0140587727757,19.28
"28",2008.52295081967,26.64,136.023641978434,28.402,3265.422,89.0307801346631,18.23
"29",2008.54234972678,25.085,136.033523953558,26.6575,3243.235,84.7141484317154,18.416666665
"30",2008.56120218579,24.78,132.949499319278,26.532,3346.572,80.3684806534933,20.866666666
"31",2008.58032786885,22.196,121.672613394255,27.35,3333.176,79.4016479708396,21.936666666
"32",2008.59945355191,22.402,120.81493745401,29.106,3408.1,76.0222852938085,19.986666666
"33",2008.61816939891,23.5,126.589741430136,29.5075,3378.6325,75.6674808388781,18.275
"34",2008.63770491803,24.364,130.025957872536,32.184,3283.354,77.8357623773085,18.586666666
"35",2008.65683060109,25.036,131.205963721602,32.474,3337.204,77.4738678332447,18.763333332
"36",2008.67595628415,24.482,130.197805874235,32.138,3306.04,73.9130434782609,16.78
"37",2008.69508196721,23.126,126.623607069345,32.076,3230.876,69.119170984456,15.773333332
"38",2008.71584699454,24.14,117.41953308468,32.08,3113.7225,68.324354192568,13.195833335
"39",2008.73333333333,24.404,114.352702443305,31.178,3126.284,69.6040255573532,12.72
"40",2008.75204918033,22.6,106.089859256586,35.195,2995.5075,66.3551064597618,12.158333335
"41",2008.77158469945,22.288,97.1063415784663,32.406,2662.646,59.4401367964857,12.75
"42",2008.79030054645,22.455,92.5032920971122,30.8575,2593.07,52.6142033124988,13.2125
"43",2008.80983606557,19.67,92.926924579914,31.092,2427.06,50.5853849159828,9.9700000006
"44",2008.82896174863,18.078,91.3767753237815,30.676,2525.352,49.3133329162235,5.6233333334
"45",2008.84808743169,18.576,86.1532222846091,30.024,2647.238,47.128641836671,8.7933333326
"46",2008.86680327869,17.7175,77.4559942911513,25.41,2419.78,42.0987947986045,7.72916666675
"47",2008.88633879781,15.738,72.5051110160225,24.432,2291.532,40.3746493605287,5.5733333336
"48",2008.90546448087,15.75,69.4472987700452,24.092,2381.278,40.3020395453838,3.24
"49",2008.92459016393,14.714,59.7511347628737,22.138,2358.748,33.8581937705431,3.8933333332
"50",2008.94371584699,14.738,59.5973599349025,22.682,2457.628,33.5026069135951,2.4966666666
"51",2008.96379781421,15.8675,56.4271706186486,21.66,2436.1425,30.9092529862721,5.05833333325
"52",2008.98360655738,15.81,57.420907099508,22.435,2385.22,29.0551944554171,2.33333333335
"53",2008.99453551913,16.02,57.1957032083659,23.15,2451.48,28.5622821370136,1.133333333
"54",2009.01095890411,15.5175,62.2465383069672,21.5375,2551.715,35.2416791494648,-2.30416666675
"55",2009.02794520548,14.04,61.2283638755194,21.736,2432.952,33.1694119757257,0.1266666666
"56",2009.04863013699,11.9725,60.6362973481214,21.4875,2224.8225,34.1232682196723,3.25
"57",2009.06630136986,11.826,59.7865094757418,21.502,2216.422,35.0243574668234,3.1400000002
"58",2009.08547945205,11.212,59.1488372093023,22.556,2249.548,34.6248062015504,2.3033333334
"59",2009.10465753425,9.628,60.8395941445279,21.872,2304.378,35.2536596700488,3.0866666666
"60",2009.12534246575,8.73,60.1134327182497,16.165,2161.76,33.184978042104,2.3416666665
"61",2009.14301369863,9.904,58.6154980160908,14.204,2012.182,33.1947994918683,4.0733333336
"62",2009.16219178082,10.674,49.694687885595,13.304,1937.67,35.5759800044294,5.81
"63",2009.18136986301,11.494,45.8773550638809,12.246,1866.358,34.4245984744398,5.57
"64",2009.19931506849,12.29,43.3082937298789,11.375,1996.2675,34.8114364556186,7.6041666665
"65",2009.2197260274,11.378,43.8693341577235,12.216,2097.762,38.3650576337058,6.0566666666
"66",2009.23890410959,11.462,47.0228525925147,11.596,2091.008,37.7270610153703,7.7066666666
"67",2009.25808219178,12.514,49.0181426906178,12.032,2189.464,39.0456406731028,10.876666666
"68",2009.27853881279,13.8566666666667,50.436273768094,11.3433333333333,2263.16666666667,39.7967418167146,11.7333333333333
"69",2009.29863013699,13.4325,51.387738592808,10.93,2279.9775,39.0685490860764,11.0125
"70",2009.31561643836,13.592,46.9083737864078,11.482,2302.38,38.3601334951456,12.363333334
"71",2009.33630136986,14.4525,45.1671607069153,11.34,2409.9225,40.4581441596938,12.5333333325
"72",2009.35397260274,15.222,45.3935829980398,11.246,2416.74,42.353097227749,13.980000002
"73",2009.37465753425,14.665,45.2240145009795,11.27,2430.7575,42.9664756394529,15.091666665
"74",2009.39452054795,15.1425,44.9131291420383,10.7475,2455.42,43.8348558122873,16.275
"75",2009.41095890411,14.8325,46.9808385773881,10.78,2480.4875,46.6591246553065,16.1625
"76",2009.43068493151,13.642,49.0228245363766,10.802,2487.788,49.265335235378,13.806666666
"77",2009.44863013699,12.9475,48.4849569559537,10.72,2461.665,50.6505825711882,16.5458333325
"78",2009.46904109589,13.106,47.0480234092604,10.674,2396.086,49.3946870158931,18.416666668
"79",2009.48821917808,13.386,45.7408223932183,10.42,2416.274,49.4659137781444,20.920000002
"80",2009.50739726027,13.154,45.8616983160158,10.26,2340.448,45.8573987817986,20.266666664
"81",2009.52657534247,14.25,48.2396629293723,9.076,2352.458,43.7420552738699,19.17
"82",2009.54726027397,14.39,47.7325919017368,8.64,2502.125,46.3283298432083,20.666666665
"83",2009.56493150685,14.056,47.8120850871494,9.278,2588.67,48.9830221192689,20.18
"84",2009.58410958904,14.162,47.6123929175343,9.346,2656.206,51.0292494095616,19.703333332
"85",2009.60328767123,14.282,49.4303699426849,9.634,2680.198,51.720156032164,20.853333336
"86",2009.62191780822,14.6125,49.9956030040276,9.4575,2657.1575,51.5064108201277,20.4708333325
"87",2009.64164383562,15.236,49.9237090023377,8.45,2755.534,51.1289667819197,20.6
"88",2009.66082191781,15.03,48.9870158943362,9.402,2755.188,49.017797179315,19.833333334
"89",2009.68,15.304,46.8398954510066,9.692,2766.646,47.2305638972306,18.24
"90",2009.69726027397,14.46,46.0539375064171,9.9175,2830.28,46.6032376193573,15.7875
"91",2009.71835616438,13.664,45.91795178106,9.924,2884.808,47.5238922675934,15.23
"92",2009.73753424658,13.172,47.2161512403016,10.706,2866.872,45.081138673369,14.58
"93",2009.75671232877,13.346,48.7839536536044,12.056,2815.942,46.6005356069301,13.499999998
"94",2009.77589041096,14.048,48.9403061637733,12.488,2902.804,48.1424984475823,10.236666668
"95",2009.79657534247,14.5525,48.6237765975215,12.7,2937.1025,51.6334302034272,8.93333333325
"96",2009.81424657534,14.362,48.8858724868294,12.272,2847.344,52.3424900548328,11.053333334
"97",2009.83342465753,14.508,50.4891282287199,13.34,2761.364,52.3346908953144,8.9766666666
"98",2009.85260273973,13.946,51.2449799196787,12.264,2837.05,51.8179384203481,7.0966666668
"99",2009.87123287671,13.345,52.0338300443012,11.3,2893.8525,52.0220835011411,9.2875
"100",2009.89095890411,12.946,51.8126686436376,10.358,2873.204,51.7218348427774,10.1766666666
"101",2009.9101369863,13.242,51.4312710432109,10.516,2835.504,51.8837416658904,5.9766666666
"102",2009.92931506849,14.156,51.6583524335985,11.142,2869.994,51.2188216259943,6.11
"103",2009.94849315068,14.42,52.361401924156,11.536,2882.742,49.4354805600033,2.19999999998
"104",2009.9698630137,12.925,54.6164462535595,12.4025,2925.115,51.6500410544889,-0.2
"105",2009.99178082192,12.6733333333333,54.7383572456702,12.7733333333333,2980.24666666667,54.0906347216418,2.62777777766667
"106",2010.01232876712,12.725,64.5338017635703,13.9375,3011.79,56.3698975598727,-3.28750000025
"107",2010.02904109589,13.104,61.6351159162145,13.09,2994.62,54.9231597696864,-1.84999999994
"108",2010.05068493151,13.485,60.3014103330637,13.1725,2930.135,53.7456476629269,2.3916666665
"109",2010.06739726027,13.358,60.796213650189,14.65,2799.314,51.7609937746951,-1.16333333332
"110",2010.08657534247,12.912,57.3985989795036,13.854,2782.438,53.1407650840324,1.8433333334
"111",2010.10575342466,13.392,55.1538046411225,13.642,2668.956,52.1316783594172,-0.0733333333400001
"112",2010.12739726027,13.085,54.2430414120842,13.355,2736.2875,55.4558631951707,0.379166666575
"113",2010.14410958904,12.838,54.3454215641453,12.572,2744.286,57.2846461279809,2.8466666666
"114",2010.16328767123,13.256,55.0857042139741,11.982,2787.238,57.3491179883378,3.5466666666
"115",2010.18246575342,13.154,52.4407231989677,11.418,2888.516,58.8046395002713,0.64333333334
"116",2010.20068493151,13.0225,53.1948269886726,11.3875,2897.145,57.9647228353063,5.40833333325
"117",2010.22082191781,12.914,54.6668453018935,11.412,2910.25,59.5971775634155,9.67
"118",2010.24,12.868,54.9178139093283,11.91,2947.554,60.5936980773795,7.8433333332
"119",2010.26301369863,13.4966666666667,57.9457895918011,12.12,2968.80666666667,63.9727701169489,10.0055555546667
"120",2010.27835616438,13.862,56.3440195472342,12.85,3000.938,62.9456268951103,8.7333333332
"121",2010.3,14.6725,57.6893663850186,12.545,2942.3325,63.4920634920635,9.1041666665
"122",2010.31671232877,15.302,59.1885297749932,14.064,2864.118,65.2007590590078,13.933333334
"123",2010.33589041096,16.038,66.7626807966606,15.456,2726.438,65.3856225258391,9.7466666674
"124",2010.35342465753,15.5475,71.4797323888233,16.27,2688.465,62.9830775285321,9.52916666675
"125",2010.37465753425,15.1525,72.4161630045886,16.27,2630.2975,60.0634715287744,13.39166666575
"126",2010.39383561644,15.245,71.5845668527057,16.6075,2553.095,58.1634716492761,14.3375
"127",2010.41260273973,15.184,72.9361994054425,16.462,2613.408,60.5239946424488,15.376666668
"128",2010.43178082192,15.494,79.1215754281236,18.406,2551.964,61.0411698987844,17.526666666
"129",2010.45,15.7475,78.5820576064578,19.23,2691.5475,62.0563833907495,15.6333333325
"130",2010.4701369863,15.506,77.6584004154765,19.53,2720.276,62.9414437808361,17.103333332
"131",2010.48931506849,15.314,76.0470099344198,19.782,2589.246,61.440815531459,21.356666664
"132",2010.50849315068,15.034,73.7505549565548,20.956,2581.938,57.5236252933342,21.786666666
"133",2010.52767123288,14.106,72.973907033005,20.57,2709.33,59.600672353394,23.266666668
"134",2010.54931506849,14.245,71.8637679469993,17.9725,2653.9025,59.2624973285928,22.2583333325
"135",2010.56602739726,13.814,71.2397075798384,17.638,2750.12,59.2120046171604,19.806666666
"136",2010.58520547945,14.356,71.8016895587699,18.878,2805.54,61.6096389935578,18.899999998
"137",2010.60438356164,14.424,71.7646698892492,18.764,2770.328,60.2566848191886,19.736666666
"138",2010.62328767123,14.555,71.9859539602029,18.065,2702.675,58.862660944206,18.3625
"139",2010.64273972603,15.092,72.6439212220679,17.992,2622.73,58.1934099229895,19.41
"140",2010.66191780822,15.444,72.0857259405692,18.146,2660.066,59.8026295145753,15.573333334
"141",2010.68109589041,15.672,71.251213326236,18.552,2752.462,60.5755080314369,15.95
"142",2010.69863013699,15.32,70.5815058266923,18.59,2796.5725,61.1288852694239,16.55416667
"143",2010.71945205479,15.032,69.4229256188344,18.288,2769.194,59.3127761302427,15.423333334
"144",2010.73863013699,15.48,69.9825943298817,18.904,2768.862,58.8886922146503,12.416666666
"145",2010.75780821918,15.448,69.7526491550171,18.848,2751.874,60.7693753343067,14.336666666
"146",2010.77698630137,15.66,69.8062648668787,18.882,2805.512,60.2441750494368,10.4500000006
"147",2010.79863013699,15.1125,70.8396341902499,18.775,2855.465,59.5701015338086,7.42916666675
"148",2010.81534246575,15.048,70.9854776263331,18.906,2855.296,60.0152564084112,8.0366666674
"149",2010.83452054795,14.63,74.2834383579181,18.766,2851.474,60.8184805337051,10.8599999994
"150",2010.85369863014,14.464,75.4625614339405,18.498,2862.338,63.9881468632553,6.9333333326
"151",2010.87260273973,14.96,77.4966026370882,19.2525,2832.2025,62.689609578727,6.775
"152",2010.89205479452,15.05,78.4200213751336,20.514,2783.924,62.862189763686,3.5466666666
"153",2010.91123287671,14.86,86.1904689426341,21.926,2712.234,66.7265338427117,-2.39333333334
"154",2010.9304109589,14.712,89.9649555552213,23.708,2802.95,68.5878442402274,0.8033333334
"155",2010.9495890411,14.426,88.5172143974961,22.95,2848.868,68.7357048272541,0.1533333332
"156",2010.97123287671,14.1175,92.6084719602127,22.8875,2862.59,71.2361134930162,-1.35416666675
"157",2010.9904109589,14.0925,92.2400893990189,23.4,2824.77,71.1138890467261,0.045833333325
"158",2011.01095890411,14.484,97.4761919250312,23.028,2832.364,71.7619496759668,1.8133333332
"159",2011.0301369863,14.314,98.0444295873093,22.616,2854.522,74.1764419862639,5.0700000002
"160",2011.05068493151,14.455,93.4077135496784,22.5025,2941.84,72.3057249291102,2.4833333335
"161",2011.06849315068,14.78,90.6966541881142,21.614,2969.7,71.1540711277492,0.93666666674
"162",2011.08767123288,14.842,87.3205741626794,21.622,2994.364,73.9117750029175,2.8933333332
"163",2011.10684931507,14.726,86.8218992704166,21.468,3031.07,74.0306542715933,4.9400000002
"164",2011.12739726027,14.8825,86.9877124567729,21.265,3056.23,75.5150467220955,2.11666666675
"165",2011.14520547945,15.348,86.6919210315437,21.876,2976.948,79.5905878924747,2.56000000026
"166",2011.16438356164,15.584,86.9784462886123,22.558,2974.716,82.7469455970493,2.8366666666
"167",2011.18356164384,15.83,88.6285459334206,23.472,2921.104,82.5132050488623,6.06
"168",2011.20205479452,17.095,89.5643490200974,25.3225,2787.54,79.6654599925103,6.87083333325
"169",2011.22191780822,16.83,88.8818243472363,24.392,2880.588,81.5982819034701,8.1766666666
"170",2011.24109589041,17.164,89.4945210321668,24.368,2927.192,82.1703782255214,9.1399999994
"171",2011.2602739726,17.116,90.0491812440619,24.166,2965.326,85.9134857206729,12.793333334
"172",2011.27808219178,16.6975,88.7696190278642,23.59,2943.6525,84.7230864965775,10.92916666575
"173",2011.29726027397,16.8325,88.8194986555642,22.9675,2890.825,85.138346777691,13.645833335
"174",2011.31917808219,17.0775,86.7243451907286,22.46,2987.3825,84.6858439293636,13.529166665
"175",2011.33698630137,17.144,86.8153743370192,22.244,2968.148,80.2653286612219,11.2833333334
"176",2011.35616438356,16.9,86.8684461391802,23.004,2919.1,80.3159872147143,16.616666668
"177",2011.37602739726,16.59,86.5830930445179,23.08,2873.2975,78.9155355510233,14.9375
"178",2011.39452054795,16.424,86.9149492920692,23.21,2806.318,80.2896787790492,16.12
"179",2011.41301369863,16.9575,84.4964871194379,23.395,2823.2575,80.1075548616532,16.6208333325
"180",2011.43287671233,16.634,85.321744392337,22.952,2760.51,80.7916053525504,16.286666666
"181",2011.45296803653,16.1366666666667,85.873795404003,23.0833333333333,2760.52,81.1874536693847,17.6944444433333
"182",2011.47123287671,14.11,85.6275954641424,22.558,2758.362,76.794977558411,17.56666667
"183",2011.4904109589,13.268,84.5759210216165,22.128,2800.234,76.4576198333356,20.196666668
"184",2011.5095890411,13.166,85.7631502106536,22.03,2837.586,80.0261405191952,19.35
"185",2011.52739726027,12.2,87.0977480997372,21.875,2703.2525,83.8406620728848,18.225
"186",2011.54794520548,12.704,86.2482636696553,21.868,2704.3,82.4234260779279,17.76
"187",2011.56712328767,12.598,85.7462354836917,21.558,2707.838,81.6455520364505,18.823333334
"188",2011.58630136986,11.436,88.8239262424106,21.632,2484.7,79.1432426354846,20.209999998
"189",2011.60547945205,11.698,87.8724061438239,21.78,2251.54,74.2762474377334,18.313333332
"190",2011.62465753425,12.4175,86.9610515897133,22.0375,2253.4575,75.533522026776,19.825
"191",2011.64383561644,12.976,86.5054926764314,23.066,2205.842,76.2594318686196,19.823333332
"192",2011.66301369863,13.044,87.6793425268143,25.15,2261.398,79.0318985931188,16.463333334
"193",2011.68219178082,12.242,90.3400209376031,26.566,2115.12,81.1819707160373,17.393333334
"194",2011.7,12.1425,90.2238548126057,26.035,2067.6625,82.1734465639832,17.3416666675
"195",2011.72054794521,11.658,91.1872092338496,25.29,2071.356,79.4270066544962,14.91
"196",2011.7397260274,10.768,90.7600662212499,24.88,2169.224,77.1004552710933,17.283333336
"197",2011.7602739726,10.3075,88.5716421257194,26.3225,2197.12,77.384333657224,15.116666665
"198",2011.77808219178,10.566,86.1191532698043,25.896,2339.384,81.0111297010257,12.97
"199",2011.79863013699,10.215,84.6602645406777,25.22,2311.5425,79.5180286283747,9.025000001
"200",2011.81643835616,10.382,83.8054195978824,24.836,2397.474,78.9494713109491,10.32
"201",2011.83561643836,9.738,84.9026492180019,25.404,2315.25,79.9756260337173,12.193333332
"202",2011.85479452055,9.974,85.1746986193409,25.352,2281.648,83.1518725006568,8.3666666664
"203",2011.87397260274,9.7775,85.6198530226375,24.54,2255.445,81.2548469293549,6.3458333335
"204",2011.89315068493,8.414,85.8126886411858,24.216,2119.078,80.2543107312554,6.6233333334
"205",2011.91232876712,8.01,83.5175834354178,23.408,2288.54,82.0565299232125,7.0233333334
"206",2011.93150684932,7.47,83.1436168623585,23.272,2340.332,81.6946012966449,5.2866666666
"207",2011.94931506849,6.975,85.157312192413,23.555,2240.31,81.7429769632906,5.7541666665
"208",2011.9698630137,8.096,86.3340896547495,23.082,2254.616,81.8559514319004,4.8866666668
"209",2011.9904109589,7.5925,86.2239593361315,22.3975,2288.5425,83.2184527706111,5.325
"210",2012.00956284153,6.62,85.2749301025163,21.8275,2338.55,87.6883348866108,5.425
"211",2012.02732240437,7.032,84.793009867131,22.344,2331.458,87.7955041021538,5.26
"212",2012.04644808743,6.982,81.7880072305679,21.376,2402.166,86.4551517795923,3.1866666666
"213",2012.06557377049,7.628,80.7231859271928,22.17,2438.33,84.3925604690936,3.5366666666
"214",2012.08469945355,8.298,77.9705909215454,23.55,2457.074,85.2345724114836,-3.01666666654
"215",2012.10382513661,8.344,75.4105053070852,23.674,2507.606,88.4907315008014,-3.1100000002
"216",2012.12295081967,8.482,75.4176756369839,23.174,2496.69,90.572790545377,2.92333333346
"217",2012.14207650273,9.08,74.6806912096168,23.934,2528.53,92.2163786626597,5.7666666666
"218",2012.16120218579,9.012,73.6381220854388,24.69,2527.942,92.700664257546,8.1333333332
"219",2012.18032786885,8.508,73.7587468314081,24.236,2492.864,94.3094367116468,5.1366666666
"220",2012.19945355191,7.92,74.0511834454974,24.74,2569.77,95.5134367989745,9.2266666666
"221",2012.21857923497,7.26,73.2729691326299,24.86,2561.652,94.0683858874747,8.8433333328
"222",2012.23770491803,7.076,72.9110390779759,24.72,2498.356,93.1358424875443,10.6433333334
"223",2012.25546448087,6.455,75.4112652566144,24.6375,2437.79,94.0148586157228,7.7375
"224",2012.27732240437,7.095,74.297533264707,24.6625,2326.66,92.1880361432003,8.47500000025
"225",2012.29508196721,7.254,73.5634107017917,24.466,2318.404,90.0723998418155,7.7933333334
"226",2012.31420765027,7.246,72.7187391179276,24.08,2303.706,90.1966721676331,10.8333333334
"227",2012.33401639344,7.1725,68.0535765175264,24.9875,2283.045,88.7109337893037,12.629166665
"228",2012.35245901639,6.788,67.8330737319371,24.726,2249.35,86.9916567709699,14.76
"229",2012.37090163934,6.56,68.5521780006268,24.15,2175.1625,86.7008774678784,12.595833335
"230",2012.39071038251,6.862,68.7395064466056,23.43,2159.09,84.924129629043,17.923333332
"231",2012.41120218579,6.4925,71.3178450636173,23.575,2116.0225,82.6320663552907,16.275
"232",2012.42896174863,6.526,69.9252563324496,23.528,2118.196,79.4918069441339,15.42
"233",2012.44808743169,6.892,68.3675093931096,23.496,2150.804,77.5186270139464,16.056666666
"234",2012.46721311475,7.648,68.3454605982784,23.346,2189.474,73.6687750669774,17.843333332
"235",2012.48633879781,8.08,69.5153326195689,23.764,2169.322,74.5761357643938,19.813333334
"236",2012.50546448087,8.244,72.1761010321174,24.42,2289.07,79.6012564908007,19.306666668
"237",2012.52459016393,7.842,72.4908580383962,24.224,2240.618,81.9495233120021,18.12
"238",2012.54371584699,7.288,72.4576202052504,23.9,2265.438,86.0387332561061,18.663333334
"239",2012.56284153005,7.022,72.9374507744815,23.75,2208.444,85.7820294040431,21.630000002
"240",2012.58196721311,6.938,76.4793116373059,23.81,2327.07,86.6841582060851,19.82
"241",2012.60109289617,7.222,77.2618353733566,24.096,2426.42,90.6450359432679,18.966666666
"242",2012.62021857923,7.612,76.949284532269,24.776,2441.34,93.2038677439242,20.289999998
"243",2012.6393442623,7.978,75.1838146955644,25.06,2454.544,91.6029922950006,21.143333334
"244",2012.65846994536,7.918,74.8759513059017,24.88,2436.536,90.0808909169233,17.773333336
"245",2012.67759562842,8.26,73.1948487533224,25.866,2481.014,90.3034426022023,17.4
"246",2012.69672131148,7.768,69.9698305871432,25.464,2557.752,89.6928908486114,16.393333336
"247",2012.71584699454,7.508,68.6421041324597,25.346,2566.95,85.236392652723,14.69
"248",2012.7349726776,7.628,69.2966265994572,25.526,2517.042,86.0333462582396,13.360000002
"249",2012.75409836066,7.82,67.2406146964117,26.45,2502.34,86.4508416404759,13.416666665
"250",2012.77322404372,7.828,67.6035411378691,26.646,2476.206,88.3705813161642,11.44
"251",2012.79234972678,8.016,66.1100633270466,26.694,2543.856,86.8868546544613,11.6866666666
"252",2012.81147540984,7.808,66.8104909544796,27.63,2495.826,83.7642925386014,10.9633333346
"253",2012.8306010929,8.116,66.0939555761938,27.306,2515.898,83.7504837086913,6.3433333334
"254",2012.84972677596,8.288,68.5870024904845,27.11,2498.332,84.9380511567439,7.5333333332
"255",2012.86885245902,7.892,69.6563746584163,27.376,2465.718,85.8859188993938,7.2366666666
"256",2012.88797814208,6.812,69.5746831506104,27.634,2523.326,86.2016950470414,7.3166666668
"257",2012.90710382514,6.668,69.1276720441716,27.406,2557.95,85.1799870446343,4.5166666666
"258",2012.9262295082,6.216,70.6387357363353,28.172,2594.012,83.488704252607,1.13000000006
"259",2012.94535519126,6.776,68.5391192424382,27.516,2621.718,83.03453770954,0.78000000006
"260",2012.96448087432,7.048,68.4494973961487,27.322,2647.118,82.6586532638973,4.3666666666
"261",2012.98770491803,6.89,68.0678940006805,26.325,2643.4,83.7031716629494,4.9083333335
"262",2013.00821917808,6.4975,67.5466875226523,27.1575,2704.345,85.3289586631822,5.7458333335
"263",2013.02575342466,6.112,65.3130338811363,27.256,2707.812,84.3792993967616,2.4233333334
"264",2013.04493150685,5.49,64.5977803405874,26.61,2711.856,83.2162595294082,-0.54666666672
"265",2013.06410958904,4.554,64.5904921265724,25.996,2727.324,84.4503540801386,-0.7733333332
"266",2013.08328767123,3.992,63.7696551317226,25.75,2703.924,85.1358527303301,6.26
"267",2013.10246575342,4.386,64.9146016975607,25.82,2623.878,87.3336999985135,2.31666666686
"268",2013.12164383562,5.094,65.3081332855607,25.692,2634.59,88.1434372387436,2.6933333334
"269",2013.14082191781,4.952,66.6127202601528,25.53,2632.878,86.998411858126,0.99333333332
"270",2013.16,4.596,68.7171712531202,26.106,2610.498,85.2130901517588,2.8266666666
"271",2013.17917808219,4.226,67.1852465555862,26.402,2700.25,85.1345546043143,5.6233333332
"272",2013.19835616438,3.678,66.9911273085144,26.31,2718.494,84.101428549461,1.15
"273",2013.21753424658,4.13,66.2086805663125,27.15,2679.146,83.5636172124291,2.5899999998
"274",2013.23287671233,4.84,66.3225772901012,28.6833333333333,2625.86666666667,85.5638472139161,3.19999999966667
"275",2013.25589041096,5.08,62.0898340762754,27.154,2622.954,82.4851411589896,4.6833333332
"276",2013.27506849315,4.618,62.2448511536168,27.156,2637.852,79.4749476323716,8.976666666
"277",2013.29424657534,2.998,62.7083906885687,26.672,2575.414,75.9796274203909,12.84
"278",2013.31342465753,3.1,63.616133091869,26.476,2694.03,78.6426839375058,11.8200000026
"279",2013.33356164384,3.475,63.8531235097759,26.285,2736.275,79.1359084406295,11.9416666675
"280",2013.35205479452,3.4625,63.9355567900998,26.32,2779.0825,79.5904293021207,14.8333333325
"281",2013.36849315069,3.5975,63.7672721627076,26.4125,2807.475,80.4843968327899,11.92916667
"282",2013.3901369863,3.478,63.5096414466042,26.702,2798.546,79.6422210175792,11.543333334
"283",2013.40931506849,3.816,62.641526872776,26.426,2787.798,78.7621116194525,13.756666668
"284",2013.42849315068,4.012,58.6235677972532,25.972,2716.944,78.6706123378102,15.876666666
"285",2013.44767123288,4.498,55.9196332254585,26.116,2676.288,78.2242598585641,17.996666668
"286",2013.46684931507,4.402,56.1756480991611,25.896,2606.534,78.0530572141184,18.926666664
"287",2013.48602739726,4.31,56.9877467143098,25.992,2598.25,78.3504838437591,16.7
"288",2013.50520547945,4.408,57.31754508165,26.204,2613.472,82.1066480922529,20.01
"289",2013.52438356164,4.08,57.5409709933061,26.2,2673.346,83.3961683465415,19.963333332
"290",2013.54356164384,4.152,56.9881021209263,26.072,2701.41,82.6050573593403,21.809999998
"291",2013.56273972603,4.302,56.9517828567978,26.152,2739.826,81.1992391534072,22.276666666
"292",2013.58191780822,4.362,57.4440171906808,25.966,2791.216,81.7009726306266,22.026666668
"293",2013.60109589041,4.456,56.422410560264,25.826,2810.974,80.9255231380784,19.596666666
"294",2013.6202739726,4.354,56.7819029009469,25.678,2841.434,82.8844130467458,19.146666668
"295",2013.63945205479,4.432,56.5112732492076,25.53,2804.476,82.4756294479995,19.199999998
"296",2013.65863013699,4.564,57.1312376677562,25.686,2749.13,86.5282944977482,17.983333334
"297",2013.67780821918,4.922,57.9665746610452,26.512,2777.514,87.3077739694865,18.546666666
"298",2013.69698630137,5.394,57.6566282269098,26.79,2867.732,83.9304776653486,15.276666668
"299",2013.71616438356,5.47,57.8763161797419,26.556,2913.922,80.8141776657274,14.783333336
"300",2013.73534246575,5.34,58.584796707039,26.382,2917.152,80.4243536971779,14.273333334
"301",2013.75479452055,5.125,60.8465608465608,27.065,2925.67,80.428811090832,13.5458333325
"302",2013.77369863014,4.772,61.0353941792301,27.224,2945.892,81.7063626832834,12.386666666
"303",2013.79287671233,5.042,61.1784917185481,27.02,3018.462,80.686890637848,11.766666666
"304",2013.81205479452,4.764,61.3981145757796,26.842,3031.686,78.5061638868745,13.983333332
"305",2013.83123287671,4.812,61.9450565594241,26.684,3054.52,79.3080652269722,9.3433333338
"306",2013.8504109589,4.69,62.4819517423081,27.476,3044.608,78.2289635462407,8.946666666
"307",2013.8695890411,4.548,61.9220039176114,28.006,3049.074,79.9014661364041,6.49
"308",2013.88876712329,4.422,62.4070838392513,27.816,3053.912,81.0125270234252,3.9399999998
"309",2013.90794520548,4.448,61.7648358446379,28.166,3080.312,81.6269718527683,3.8833333332
"310",2013.92712328767,4.66,60.6146682870404,28.54,2985.484,81.4794207651874,3.96
"311",2013.94630136986,4.854,62.0120338342586,27.77,2947.396,79.5061477196756,5.1333333332
"312",2013.96547945205,4.958,62.0122663551402,27.786,3013.632,80.5622079439252,6.2433333332
"313",2013.9904109589,5.03,60.3760572071581,27.475,3106.15,81.0882427674326,5.141666667
"314",2014.0095890411,4.7875,58.773024143245,27.27,3078.62,78.658178615983,8.00416666675
"315",2014.02684931507,4.688,61.1212925359567,26.918,3107.308,78.2808216165496,6
"316",2014.04602739726,5.058,62.014407566182,26.52,3155.862,78.6346694951459,3.4166666666
"317",2014.06520547945,5.338,61.0168746704166,26.298,3069.954,78.7821526923302,2.3200000002
"318",2014.08438356164,5.756,60.306706813083,25.028,2995.832,78.8198134372417,2.6166666664
"319",2014.10356164384,6.418,58.5144687917934,24.624,3024.28,79.4086092617903,5.2366666668
"320",2014.12273972603,6.658,57.6152553517937,24.302,3109.65,79.8188061664353,5.6400000002
"321",2014.14191780822,6.944,56.4282905945568,23.444,3137.77,80.2018260451706,6.7033333332
"322",2014.16109589041,6.778,54.9250862709125,23.588,3124.536,79.7987740066105,5.7466666666
"323",2014.1802739726,6.922,53.1808527546199,23.802,3112.23,78.2375633931022,7.9366666668
"324",2014.19945205479,6.254,54.3491077462865,23.588,3042.516,77.2198495894626,8.7500000002
"325",2014.21863013699,6.054,54.489518183924,22.546,3082.26,77.1687514477646,8.8166666668
"326",2014.23780821918,5.062,55.2388838047094,21.464,3156.858,77.9056085762845,8.2666666674
"327",2014.25698630137,4.898,55.5340540383244,20.392,3197.634,77.2817878915742,11.376666666
"328",2014.27616438356,5.292,55.3150942034216,21.422,3135.056,78.0451887677759,10.7466666666
"329",2014.29406392694,5.60333333333333,55.7692771811271,20.9266666666667,3164.92,79.2566670689031,11.4722222243333
"330",2014.31452054795,5.464,55.4655753351362,19.968,3177.54,78.974996746251,13.09
"331",2014.33493150685,5.295,54.0436410773441,19.745,3174.34,77.6753564741466,12.2041666675
"332",2014.35287671233,5.274,54.4719101123596,19.68,3193.362,78.537151141718,13.086666668
"333",2014.37205479452,4.896,54.8116910595205,19.436,3176.038,80.173935883031,14.103333332
"334",2014.39123287671,5.182,54.9797819971871,19.52,3212.532,80.8412447257384,15.8
"335",2014.4104109589,5.25,54.7912594965541,18.602,3244.868,80.3573790245551,13.936666664
"336",2014.4295890411,5.514,53.6718348151958,17.302,3283.664,80.1396134910721,18.356666668
"337",2014.44876712329,5.624,53.6628928218224,17.822,3278.592,83.0693610049154,18.29
"338",2014.46794520548,5.72,53.1810095128872,17.416,3292.75,84.2059606251746,16.713333332
"339",2014.48712328767,5.85,53.3312824118836,17.078,3240.06,82.7927690369459,16.72666667
"340",2014.50630136986,5.834,53.5273122512228,16.078,3245.554,81.0863211080593,18.753333332
"341",2014.52547945205,5.832,53.3335292648161,15.692,3170.07,78.8540947230753,19.3
"342",2014.54465753425,6.11,54.0317328754958,16.512,3170.25,79.3307086614173,22.153333334
"343",2014.56383561644,6.13,55.9103624784239,17.806,3190.056,80.1708231652878,22.153333334
"344",2014.58301369863,6.226,57.0863674346425,17.526,3099.994,78.6961322669213,20.673333332
"345",2014.60219178082,6.088,57.9274580425328,18.028,3028.282,78.1238324391374,19.956666668
"346",2014.62136986301,6.338,57.6915017810638,18.306,3062.482,76.7773221181189,17.573333332
"347",2014.64054794521,6.376,58.2078495403967,17.702,3133.914,77.4597847121432,16.236666666
"348",2014.6597260274,6.416,58.5574627886823,20.272,3177.372,77.767472975233,17.883333334
"349",2014.67890410959,6.232,58.2747672769866,21.712,3256.862,77.79729979656,18.183333332
"350",2014.69808219178,6.014,58.4345729388853,21.674,3234.084,75.5711150267396,17.123333332
"351",2014.71726027397,5.924,58.4290979209106,21.972,3249.094,76.0228279969521,15.686666666
"352",2014.73643835616,5.836,57.996388474523,22.036,3215.756,75.8137709036665,14.43
"353",2014.75561643836,5.726,57.5977121067684,23.702,3131.128,73.8465204957102,14.576666664
"354",2014.77479452055,6.068,57.0731707317073,23.132,3017.314,70.3402004893835,13.883333334
"355",2014.79397260274,6.168,56.4850537937957,22.644,2929.64,66.8156582290392,13.636666666
"356",2014.81315068493,6.292,57.4306748853121,22.58,3023.638,67.7139659167941,11.703333334
"357",2014.83232876712,6.45,57.572818621216,22.816,3057.64,67.8612312388705,11.2333333346
"358",2014.85150684932,6.712,57.9713630605929,23.01,3091.544,66.2545897670242,8.1033333334
"359",2014.87068493151,6.826,59.0105101256088,22.672,3073.86,63.3635606254806,8.8633333334
"360",2014.8898630137,7.03,59.3733974358974,23.546,3171.48,63.4294871794872,7.8066666666
"361",2014.90904109589,7.048,59.0520078999342,24.14,3238.638,58.3760175982273,5.1166666668
"362",2014.92821917808,6.758,58.4188761858429,23.318,3225.422,55.405821778967,3.49
"363",2014.94739726027,6.744,57.4784815005139,22.646,3082.054,49.8924075025694,5.2766666668
"364",2014.96657534247,7.174,58.0427685275873,22.386,3138.884,49.564152791381,7.2133333332
"365",2014.99315068493,7.32,55.5637829610432,21.365,3160.56,47.6284503681764,0.48333333335
"366",2015.01095890411,6.9575,53.3274588788184,19.9,3049.32,44.4318563276267,3.39166666675
"367",2015.02794520548,7.03,50.4311440139592,19.96,3097.138,41.2983448813295,5.86
"368",2015.04712328767,7.272,50.6348768200952,19.57,3219.03,42.0433372438065,3.05
"369",2015.06630136986,6.928,51.8662133928255,19.766,3370.204,43.1212153404866,2.78666666654
"370",2015.08547945205,7.116,51.472453149218,20.378,3384.618,47.368606453431,1.88000000006
"371",2015.10465753425,7.112,54.1056080033817,22.002,3382.428,49.9859095392419,2.4866666666
"372",2015.12383561644,7.6,54.9455758426966,23.13,3440.548,53.2004915730337,4.14
"373",2015.14301369863,7.498,54.0802310428627,22.268,3517.414,52.7630049660127,5.05
"374",2015.16219178082,7.03,55.9818038541443,22.594,3579.516,54.3985958879576,5.6733333334
"375",2015.18136986301,6.814,57.3241680871563,21.562,3612.58,54.226265470985,7.54
"376",2015.20054794521,6.602,57.9549302133103,21.468,3668.992,51.6553177081374,6.8933333334
"377",2015.2197260274,6.986,56.1853392732226,21.066,3702.246,51.0400942527889,6.6833333334
"378",2015.23890410959,6.972,55.138891455819,21.818,3697.778,52.5070693255956,8.3533333334
"379",2015.25936073059,7.16,53.5979308433661,21.62,3742.20666666667,52.2215721895495,8.322222222
"380",2015.27726027397,6.938,55.669657131035,21.79,3803.082,54.7537098685324,11.6266666674
"381",2015.29643835616,7.042,55.4931463537114,21.266,3717.536,58.7144531032046,10.966666668
"382",2015.31561643836,7.336,54.3618149245,20.984,3703.164,59.4932543599868,10.63
"383",2015.33630136986,7.56,53.3450625807314,20.3775,3588.28,59.8013451516636,13.595833335
"384",2015.35397260274,7.596,52.819746231737,20.576,3591.324,58.638976384959,15.046666666
"385",2015.37315068493,7.522,52.2935129386742,20.398,3623.702,58.2630272952854,12.23
"386",2015.39178082192,7.2875,53.6099849678859,20.44,3667.5075,58.6912950394024,13.4874999975
"387",2015.41150684932,7.372,52.7089587326847,20.286,3588.448,58.2860139607219,16.016666666
"388",2015.43068493151,7.514,50.7741809325725,20.24,3503.594,56.6387570440688,17.233333334
"389",2015.4498630137,7.538,51.1587495788783,20.07,3475.12,56.5916626770928,16.73
"390",2015.46904109589,7.49,51.4842711564023,20.464,3547.848,56.4572441293753,16.246666666
"391",2015.48821917808,7.502,52.7839005071412,20.528,3524.352,56.2819203268641,21.403333332
"392",2015.50739726027,7.452,53.1014545126028,20.696,3378.38,52.9099286295058,22.65
"393",2015.52657534247,7.684,53.243645066541,20.882,3554.066,52.7160314755049,19.513333334
"394",2015.54575342466,7.868,53.7132352941177,20.882,3663.374,52.2849264705882,21.673333334
"395",2015.56493150685,8.048,52.9907084785134,20.594,3575.476,49.0055168408827,19.38
"396",2015.58410958904,7.892,52.6118378922331,20.4,3623.188,46.5867715671027,19.813333334
"397",2015.60328767123,7.974,51.7383414988205,19.926,3614.18,44.8884050081655,22.156666666
"398",2015.62246575342,8.282,50.6840179520917,19.36,3486.06,43.791568284638,19.363333332
"399",2015.64164383562,8.228,48.9322565387243,18.7,3212.574,38.7365765639507,19.206666666
"400",2015.66082191781,8.072,49.2381901676694,19.256,3244.918,44.8221850414724,18.916666666
"401",2015.68,8.178,48.5427333595904,19.41,3230.426,43.8648000286441,15.1
"402",2015.69917808219,8.246,47.5388073703028,19.2,3208.818,42.4411915676939,16.106666668
"403",2015.71835616438,8.09,47.9553374582178,18.886,3150.77,43.0801507716379,14.766666666
"404",2015.73753424658,8.014,46.9466329186125,18.552,3060.494,42.9057787601155,13.406666666
"405",2015.75671232877,8.168,46.0203172340046,18.512,3158.822,44.255925859918,13.306666666
"406",2015.77589041096,8.312,45.7423792017731,18.44,3227.09,44.6693989551635,9.29
"407",2015.79506849315,8.416,45.6780333068993,18.21,3260.746,43.059300378888,9.1399999994
"408",2015.81424657534,8.588,47.3739552928806,18.134,3399.124,43.4144926485252,10.716666666
"409",2015.83342465753,8.556,48.157942732081,17.952,3429.592,44.9151924129126,9.923333332
"410",2015.85260273973,8.414,49.3332590446475,17.462,3441.576,43.8006091672238,12.333333332
"411",2015.87178082192,8.498,50.3947589450697,17.302,3398.888,41.0511973421431,10.17
"412",2015.89095890411,8.596,50.5826937151651,17.376,3443.66,42.4043387693058,5.9700000008
"413",2015.9101369863,8.558,48.4439247048172,17.804,3488.472,41.8461654532423,6.8766666668
"414",2015.92931506849,8.474,44.0718957840928,17.006,3321.794,38.0989025082907,8.3000000002
"415",2015.94726027397,8.1725,42.9434977987637,16.045,3214.8,34.8479664225918,6.97916666675
"416",2015.96767123288,8.232,42.794735779446,15.138,3256.24,33.7291899928415,9.5266666674
"417",2015.99178082192,8.33666666666667,43.2027298763025,14.9266666666667,3286.25,33.7791725062458,4.94444444433333
"418",2016.01229508197,7.9,43.2738947660184,15.02,3141.6925,32.7112301935603,2.25
"419",2016.02896174863,7.25,41.4161472410686,14.266,3044.528,28.9223527681247,2.4166666666
"420",2016.04808743169,6.584,40.5226838937014,13.11,2938.974,26.3140508001762,0.40000000002
"421",2016.06721311475,6.078,41.5616433315548,13.23,3016.144,29.7076518315456,8.19
"422",2016.08633879781,5.776,40.5429995996652,12.814,2963.976,31.1533282381628,6.3933333334
"423",2016.10546448087,5.082,38.3125077762571,12.074,2774.092,28.1118359076447,5.6766666666
"424",2016.12459016393,4.992,38.6876489882243,11.904,2840.832,30.0593264388006,2.4433333334
"425",2016.14371584699,5.088,41.1044500389401,12.186,2878,30.9111984496405,4.1299999998
"426",2016.16284153005,4.974,40.6307909656349,12.202,2981.262,33.3706401482487,4.3266666666
"427",2016.18196721311,5.016,41.5240268796754,11.916,3009.482,36.2857505116919,4.5566666666
"428",2016.20109289617,4.956,41.215926164413,12.012,3067.628,35.867854332117,5.82
"429",2016.22021857924,4.868,41.1579059981456,12,3037.784,36.630768133514,7.0933333334
"430",2016.24316939891,4.99333333333333,39.4390215218158,12.0733333333333,3017.96666666667,34.6936375396919,8.438888889
"431",2016.25846994536,5.26,39.0703473466091,11.34,2917.368,33.9795595827626,9.5899999994
"432",2016.27759562842,5.552,39.5533699943598,11.232,2975.67,38.3319232938522,10.4066666666
"433",2016.29672131148,5.572,40.6444538766271,11.51,3105.114,38.9731890209395,9.6599999996
"434",2016.31584699454,6.34,40.4572582216162,13.278,3127.178,40.8468663112969,7.5833333334
"435",2016.3349726776,6.128,39.7263616557734,12.436,2982.822,39.836165577342,13.213333334
"436",2016.35409836066,5.866,41.8951655373381,13.012,2952.762,40.4100691640628,15.353333334
"437",2016.37322404372,6.012,42.8338242077996,13.066,2944.352,43.2596430218942,13.416666666
"438",2016.39234972678,5.884,42.926864150741,13.16,3007.604,43.8010619089333,14.146666666
"439",2016.41147540984,6.054,44.2109607723504,14.148,3060.92,44.5985715823852,17.193333332
"440",2016.4306010929,6.104,45.7694271777985,14.366,3009.786,45.095000792407,18.463333334
"441",2016.44972677596,5.862,44.9676363895014,14.046,2842.282,43.9007041752614,16.29
"442",2016.46885245902,5.694,46.214963193658,14.972,2955.112,44.4560447338618,20.439999998
"443",2016.48797814208,4.694,47.8102453102453,14.268,2785.824,44.0909090909091,19.490000002
"444",2016.50710382514,4.7,49.3580393639818,14.308,2819.924,43.8676102497614,19.216666666
"445",2016.5262295082,4.64,51.7271266318774,14.22,2909.196,42.4531879164334,18.416666668
"446",2016.54535519126,4.766,52.5816916468819,14.526,2954.872,42.5177157148812,22.523333334
"447",2016.56448087432,4.548,53.0600021779375,14.524,2977.986,40.1920214889833,21.616666666
"448",2016.58360655738,4.508,53.731824367882,13.822,2941.69,38.4750376047561,19.876666666
"449",2016.60273224044,4.842,53.6684049631361,12.91,3010.66,40.4117964394893,17.576666668
"450",2016.6218579235,4.72,54.0093836638942,11.882,3016.724,43.5931612994953,19.106666666
"451",2016.64098360656,4.738,52.5937594024885,11.15,2983.716,44.0204598148705,21.603333332
"452",2016.66010928962,4.562,53.3352419123962,11.63,3016.046,42.9233466933868,19.38
"453",2016.67923497268,4.048,54.8814641716763,12.324,3080.552,42.7567384362903,20.466666668
"454",2016.69836065574,4.058,54.0161964937261,12.01,2995.91,41.9809557711133,19.44
"455",2016.7174863388,4.318,55.1335970077134,13.196,2980.458,41.5340837911842,15.013333332
"456",2016.73661202186,4.726,56.6888738465923,13.792,2992.344,42.2423313976273,16.38
"457",2016.75573770492,5.364,64.9831289165015,15.876,3015.62,45.7608055272883,12.539999998
"458",2016.77486338798,5.592,68.500387659797,15.716,3008.018,47.1177944862155,9.2966666664
"459",2016.79398907104,5.776,71.3186773123337,16.574,3042.694,47.2492617302855,10.4900000008
"460",2016.8131147541,5.852,73.4974935272407,17.236,3085.014,46.7287317064213,11.126666668
"461",2016.83224043716,6.11,76.4992395161874,18,3022.26,43.3964655609473,7.8933333334
"462",2016.85136612022,6.168,79.3571727234715,17.956,3018.024,41.8074063301034,3.9733333336
"463",2016.87049180328,5.658,80.2192679879925,17.756,3037.538,42.7442059925792,7.2266666668
"464",2016.88961748634,5.464,82.0526862430365,17.668,3034.174,45.8559153998678,7.07
"465",2016.9087431694,4.674,80.0681655556811,17.982,3037.238,46.6312657703461,3.533333333
"466",2016.92786885246,4.414,76.363976083707,16.638,3099.334,50.4895366218236,5.3633333332
"467",2016.94699453552,4.796,82.2756987209853,16.946,3218.962,51.8540975840834,4.5100000002
"468",2016.96612021858,5.448,86.3443563710343,17.582,3267.352,52.7781509701936,3.7433333334
"469",2016.9856557377,6.3225,87.0196331635459,18.4625,3275.745,53.6432551354712,4.3125
"470",2016.99453551913,6.58,85.6355166840954,19.45,3290.52,54.01654149634,3.033333333
"471",2017.00821917808,5.536,80.9681596587447,18.772,3315.77,53.8429311395491,0.8400000002
"472",2017.02739726027,5.296,82.5768446491957,19.95,3306.832,51.9484933162148,3.61
"473",2017.04657534247,5.044,83.633771641875,19.77,3292.668,51.565342987376,0.97666666658
"474",2017.06575342466,5.112,82.6172894756471,20.214,3300.636,51.7472216006564,1.6633333332
"475",2017.08493150685,5.248,78.4551334473273,21.504,3255.808,52.2228830570218,5.4233333336
"476",2017.10410958904,5.184,78.0759872730676,20.586,3252.136,52.0718697361033,1.83666666674
"477",2017.12328767123,5.004,75.6708879843208,18.792,3311.536,52.534675109302,5.7833333332
"478",2017.14246575342,5.188,78.069362193253,18.108,3325.808,53.2136302575067,7.3133333334
"479",2017.16164383562,5.478,74.0358048522009,17.004,3361.442,52.9465198137845,6.67
"480",2017.18082191781,5.286,71.5211272926465,16.348,3397.672,50.7357246746378,7.37
"481",2017.2,5.154,70.5123651793559,15.966,3422.522,48.148494308092,9.4699999994
"482",2017.21917808219,4.932,68.2446088520517,15.542,3436.826,47.2047616398732,7.8100000006
"483",2017.23835616438,4.75,68.0682114032804,15.478,3471.998,48.5346078030275,11.36
"484",2017.25753424658,4.862,72.2584280214105,15.998,3482.51,51.0432904498075,9.8866666674
"485",2017.27534246575,4.89,70.8148950193014,15.6275,3466.8125,52.7163167310046,11.0166666675
"486",2017.29726027397,4.7625,71.1794058667164,16.16,3427.7675,49.612927295621,8.5625
"487",2017.31506849315,4.582,69.0116022910853,16.038,3572.426,47.4904538111323,8.1200000002
"488",2017.33561643836,4.4925,67.6308760073971,16.05,3612.7825,45.3711102486245,11.7041666675
"489",2017.35342465753,4.444,66.4891761379285,15.428,3639.6,45.8843618603456,10.7566666668
"490",2017.37260273973,4.628,66.609033931273,15.522,3603.566,47.1507816439738,16.6
"491",2017.39178082192,4.948,66.5447147216819,15.492,3584.35,47.3988542466047,18.163333334
"492",2017.41095890411,5.108,68.7069857005313,15.286,3570.72,45.5496915451271,18.456666664
"493",2017.4301369863,5.03,69.5840153725714,15.076,3566.504,43.3527862785567,17.056666666
"494",2017.44931506849,4.948,70.1216571091698,14.65,3543.662,42.571055969416,20.213333332
"495",2017.46849315068,4.906,70.8791799577076,14.738,3558.806,40.9501451560876,22.033333334
"496",2017.48767123288,4.96,69.7664177001127,15.024,3509.798,41.5691939120631,17.199999998
"497",2017.50684931507,5.182,73.0649556122001,14.954,3475.118,42.5243913158126,19.440000002
"498",2017.52602739726,5.398,73.5388815006649,14.552,3502.308,41.9034786869182,19.52
"499",2017.54520547945,5.34,72.1398195207966,14.808,3489.302,42.2362825433046,20.806666666
"500",2017.56438356164,5.178,70.867690833818,14.958,3475.754,43.4153351353201,19.4
"501",2017.58356164384,5.348,70.287772216962,14.854,3471.97,44.1786149059922,21.830000002
"502",2017.60273972603,5.336,71.4229933451039,15.572,3465.952,44.3450359907646,18.496666668
"503",2017.62191780822,5.696,72.7688826121727,15.946,3461.028,43.4823297204404,20.49
"504",2017.64109589041,5.904,72.4632041955676,16.276,3440.206,44.0788360683472,19.516666668
"505",2017.6602739726,5.988,74.5642436544817,16.438,3415.662,43.6779680920666,18.283333334
"506",2017.67945205479,6.624,74.3364163976651,16.742,3436.086,44.856077204837,17.01
"507",2017.69863013699,6.972,75.9439574988688,17.288,3514.584,45.9803247917679,15.123333332
"508",2017.71780821918,6.78,76.6759308866863,16.904,3532.896,46.9126707741763,13.756666666
"509",2017.73698630137,7.048,77.5598426798671,17.44,3557.57,49.087950091544,15.853333334
"510",2017.75616438356,6.944,77.8118609406953,17.95,3604.038,47.8084526244035,14.11
"511",2017.77534246575,7.284,76.6275545622323,18.02,3605.354,47.8759248912142,13.94
"512",2017.79452054795,7.564,77.9770785297708,18.084,3608.172,48.9675166146752,13.766666668
"513",2017.81369863014,7.336,78.4804724839547,17.67,3620.09,50.1638672675133,12.190000002
"514",2017.83287671233,7.516,80.9882272063247,18.19,3682.458,52.4224456475037,9.3633333334
"515",2017.85205479452,7.672,81.503666219147,19.33,3640.486,54.8900134255912,6.8500000002
"516",2017.87123287671,7.488,79.7514408609463,19.172,3557.776,52.9284754926129,5.7733333334
"517",2017.8904109589,7.526,79.8490029454582,19.796,3571.336,53.4109760639198,7.7266666666
"518",2017.9095890411,7.644,77.8266067249247,20.458,3566.98,53.3616204475426,3.5166666664
"519",2017.92876712329,7.352,79.4508249483349,21.19,3574.588,52.872920689772,4.5800000002
"520",2017.94794520548,7.14,81.0937075292199,21.112,3576.212,53.8546480021745,3.58
"521",2017.96712328767,7.79,80.1982036736899,20.036,3573.692,54.3490005402485,4.93
"522",2017.98904109589,8.17333333333333,79.4552659485405,19.5833333333333,3526.14666666667,55.8212870458224,4.25
"523",2018.00684931507,7.7975,80.2689278217678,19.2075,3544.145,56.1340066920215,7.1416666665
"524",2018.02465753425,7.802,79.8868269950903,19.434,3611.4,57.407006740451,3.1566666666
"525",2018.04383561644,8.262,77.6835049861043,18.602,3623.316,56.679744973026,3.9633333332
"526",2018.06301369863,9.104,76.9837031282873,18.016,3651.67,56.7169976210128,6.7233333334
"527",2018.08219178082,9.078,72.2979168342315,17.776,3591.942,55.5939837529156,4.8200000002
"528",2018.10136986301,9.044,69.5496667208584,17.872,3406.3,53.258006828158,0.23999999994
"529",2018.12054794521,9.606,67.9739405276398,18.076,3379.088,51.4158549958073,3.4733333332
"530",2018.1397260274,9.74,69.9362623461295,19.75,3429.296,53.5266546651746,1.77333333346
"531",2018.15890410959,10.002,66.0161090458488,18.096,3416.816,53.3261592643318,-2.6633333334
"532",2018.17808219178,10.736,65.3105167724388,18.06,3384.872,52.579005310193,4.6933333334
"533",2018.19726027397,11.208,65.5579329572716,18.978,3413.868,52.8123581663749,5.9633333334
"534",2018.21643835616,12.042,65.0604170726954,18.926,3370.834,55.5934515688949,3.65
"535",2018.23424657534,13.2325,64.2364691373001,18.395,3322.105,56.428297042114,6.15833333325
"536",2018.25616438356,12.9975,65.6219432670362,18.14,3381.3325,55.3431692207369,9.241666666
"537",2018.27397260274,13.54,66.5386360689745,19.106,3433.062,57.7515234020485,9.9433333346
"538",2018.29315068493,13.628,66.070792447942,19.502,3478.128,58.9915476537453,14.896666666
"539",2018.31232876712,13.288,67.4891098874003,19.95,3506.916,61.1407906632695,13.176666666
"540",2018.33219178082,13.1625,71.0346408770687,20.315,3542.505,61.8074951019217,11.3625
"541",2018.35068493151,14.088,73.5705401862248,20.8694,3565.408,64.3416585431443,16.383333336
"542",2018.3698630137,14.942,75.5859573172794,21.8408,3571.764,66.5860587817499,14.909999998
"543",2018.38904109589,15.968,76.4577470793894,22.5182,3547.752,67.1646627440948,17.776666666
"544",2018.4095890411,15.5925,81.5155290175695,22.5595,3432.38,65.9908071652562,19.220833335
"545",2018.42739726027,15.934,80.7467156762644,21.5932,3458.85,64.6331087060105,17.493333332
"546",2018.44657534247,15.08,82.3229732964065,21.9678,3493.498,64.7006530584333,17.363333332
"547",2018.46575342466,14.66,82.7691353558323,21.7294,3437.332,64.3892018536703,18.456666666
"548",2018.48493150685,15.074,82.6658871674949,21.7868,3379.236,66.3273552624791,20.403333334
"549",2018.50410958904,15.422,85.3857350800582,22.3092,3415.998,66.4097953591917,20.353333336
"550",2018.52328767123,16.116,87.0760973608642,22.4448,3451.226,64.9716258717353,20.16
"551",2018.54246575342,16.474,86.4474134977732,22.0074,3464.666,62.1017471736896,22.143333334
"552",2018.56164383562,17.248,86.2509417163208,22.0674,3488.45,63.225121567016,24.386666666
"553",2018.58082191781,17.512,81.331386359732,22.0616,3499.728,63.2588902250472,24.76
"554",2018.6,17.598,83.625933692657,22.6514,3480.336,63.3541879690127,22.646666668
"555",2018.61917808219,18.086,86.0124747430379,23.7266,3385.74,63.0923306685408,20.869999998
"556",2018.63835616438,19.734,84.3938633965789,24.5722,3414.442,64.0244218828372,20.82
"557",2018.65890410959,20.995,83.9935725763256,25.79675,3431.8975,66.0953401178361,18.2625
"558",2018.67671232877,21.072,86.6311543235416,27.0932,3331.856,66.7011446697007,18.583333334
"559",2018.69589041096,22.248,86.2877979978671,27.7572,3325.17,67.5014620385978,18.233333334
"560",2018.71506849315,21.364,85.3395272578221,28.2294,3381.412,67.2871977046045,19.303333332
"561",2018.73424657534,21.192,85.7597046305318,28.2962,3422.472,69.8870143411449,13.843333334
"562",2018.75342465753,21.406,87.9987509541323,27.4152,3385.844,73.6954409825828,12.789999998
"563",2018.77260273973,20.494,86.613367555756,26.5232,3260.402,71.5705317193299,14.416666668
"564",2018.79178082192,19.318,86.3915593655641,26.3192,3226.64,69.640440079131,12.836666666
"565",2018.81095890411,19.054,87.6186307126598,25.2316,3152.13,67.7552092453161,10.5366666686
"566",2018.8301369863,16.352,85.6780868922557,24.2524,3183.638,65.8202678210069,7.65
"567",2018.84931506849,18.496,81.8058920608167,24.1758,3227.608,62.8884441167176,9.7566666668
"568",2018.86849315069,19.696,80.2177794276219,26.277,3199.062,59.233529546941,10.229999998
"569",2018.88767123288,20.002,77.5153643546971,24.5066,3138.838,55.171202809482,4.54
"570",2018.90684931507,19.848,75.3514047371299,24.7344,3170.942,52.759210595933,5.3500000002
"571",2018.92602739726,20.262,76.4105272423202,23.9262,3131.796,54.0551007833817,7.6866666666
"572",2018.94520547945,21.636,78.4842714064043,23.9326,3077.01,53.2603329101425,3.6633333336
"573",2018.96438356164,24.34,78.7392580356045,24.4256,3031.166,49.4314886737079,5.3633333334
"574",2018.98424657534,24.8075,76.6069824015429,23.67875,2967.8625,46.2797782112253,4.5708333335
"575",2018.99726027397,24.73,75.5950823960241,21.982,3001.42,46.9090592030691,6.1
"576",2019.00821917808,23.4425,73.2592300271858,22.2975,3005.8325,49.3839340524423,3.9916666665
"577",2019.02575342466,22.302,71.5367871136265,21.883,3065.226,52.4701784936874,4.06
"578",2019.04493150685,23.648,73.0295631400516,22.2752,3094.922,54.2043598166137,2.64999999994
"579",2019.06410958904,23.976,70.6902916205242,21.3448,3130.35,53.665910808768,1.68000000006
"580",2019.08328767123,22.616,68.5819070904645,19.8488,3162.182,53.9364303178484,2.0666666666
"581",2019.10246575342,22.888,66.0618563972351,18.6566,3175.956,54.6462829736211,4.96
"582",2019.12164383562,20.26,65.3497592749929,17.8182,3212.364,57.2341404701218,6.6866666666
"583",2019.14082191781,19.436,65.2396233734175,17.509,3262.632,58.6239729167401,7.76
"584",2019.16,21.506,65.7758150500554,17.453,3299.914,57.85667786829,8.2799999998
"585",2019.17917808219,22.626,64.9748627666945,16.8504,3309.75,58.7074310280507,7.1666666666
"586",2019.19835616438,22.218,63.4874350546072,15.5538,3348.69,59.4051532181105,7.3453333334
"587",2019.21753424658,20.954,62.5308293989148,14.6836,3350.998,59.5817771827214,8.51
"588",2019.23671232877,21.722,61.6743225438878,14.3676,3339.79,60.2428515471994,8.9866666672
"589",2019.25589041096,23.634,56.0433884297521,15.01,3431.744,62.254203476774,8.44
"590",2019.27506849315,26.396,59.137496896833,15.8694,3435.1,63.1095506614179,7.6066666666
"591",2019.29383561644,26.98,58.5422675837586,14.73875,3484.8875,64.2001331262481,12.625
"592",2019.31342465753,26.816,56.6517457475381,14.426,3500.15,65.6401074306177,13.126666666
"593",2019.33260273973,25.376,56.5608030865962,14.3424,3496.72,63.7825092883681,11.0833333312
"594",2019.35178082192,26.01,56.4861393556673,14.1384,3370.192,62.7011309714938,11.973333332
"595",2019.37095890411,25.448,54.8351903850625,13.3566,3396.828,64.3517607711981,13.413333334
"596",2019.3901369863,25.704,52.8660369257192,12.472,3363.034,62.5679833977387,15.88
"597",2019.40931506849,24.826,49.2057238032129,11.7642,3309.094,58.7710657807547,16.726666666
"598",2019.42849315068,24.43,47.9006347742828,11.5876,3355.336,54.9398914855137,18.156666668
"599",2019.44767123288,24.902,45.99609375,11.326,3388.126,54.4247159090909,17.266666666
"600",2019.46684931507,25.312,44.3077195467422,10.4438,3459.632,56.3863314447592,20.563333334
"601",2019.48602739726,26.756,43.7785176963867,10.0068,3460.194,57.4687736729912,22.44666667
"602",2019.50520547945,26.456,48.4819414095116,10.8322,3528.9,56.4692924017126,19.016666666
"603",2019.52438356164,28.146,51.3139646527506,12.6382,3501.57,58.8332562853384,19.103333334
"604",2019.54356164384,28.484,53.1926262356399,10.8224,3495.174,56.2240626948081,21.253333334
"605",2019.56273972603,28.916,55.3770485917895,10.124,3524.794,56.9728410131218,25.066666666
"606",2019.58191780822,28.628,52.8392443062321,11.4806,3421.356,56.0622674408154,20.26
"607",2019.60109589041,27.984,51.0750767911994,11.5766,3327.464,51.7269090649332,20.61
"608",2019.6202739726,26.488,51.9797082156542,11.2006,3325.382,53.4979942074871,18.813333332
"609",2019.63945205479,25.76,49.7585933559127,10.9036,3360.376,53.7381998991136,19.026666666
"610",2019.65863013699,25.868,48.5785210820997,11.1334,3401.296,53.9672760876262,21.063333332
"611",2019.67780821918,25.272,52.089758008925,12.1758,3469.296,55.1536480063854,16.676666668
"612",2019.69698630137,26.562,55.1790987987607,14.6534,3524.646,56.6756653923505,16.543333334
"613",2019.71616438356,25.974,55.4135392871388,12.6168,3542.062,58.3052322419232,14.38
"614",2019.73534246575,25.268,55.4499771585199,13.883,3538.518,55.8391959798995,15.753333332
"615",2019.75452054795,23.764,54.4638458591056,16.01,3453.376,53.097232105388,12.003333334
"616",2019.77369863014,23.406,55.3541231021002,15.8478,3503.002,53.7357941631057,13.686666668
"617",2019.79287671233,25.976,54.16576654425,15.9484,3593.202,53.3682580830993,12.236666666
"618",2019.81205479452,25.188,53.6929669775649,15.2586,3616.69,55.1208181785444,11.1900000006
"619",2019.83123287671,25.596,52.1800003589955,15.7516,3627.148,54.7306636032381,8.6
"620",2019.8504109589,25.002,52.0771110507738,16.195,3693.682,56.4177753642864,6.9133333332
"621",2019.8695890411,23.942,51.6006816039446,15.5216,3703.408,56.6402001305199,5.8533333336
"622",2019.88876712329,24.086,53.0245438748914,15.7578,3691.02,56.8925571966406,6.5666666666
"623",2019.90794520548,24.81,53.0855463648237,16.084,3690.624,56.3960237991583,7.3533333334
"624",2019.92712328767,24.7,49.8573698273994,15.4194,3656.732,57.0249873618834,4.9699999998
"625",2019.94630136986,24.682,48.2174639987056,14.2082,3713.878,58.0371429085091,5.3633333334
"626",2019.96547945205,26.43,48.0956152350781,14.3362,3755.334,59.640722874217,7.9933333332
"627",2019.98630136986,25.8433333333333,47.9875698449219,12.664,3768.37666666667,59.9814742881047,6.3
"628",2019.99726027397,24.52,48.1943825234062,12.051,3745.15,58.8497547926884,5.05
"629",2020.00956284153,24.45,48.253172489425,12.31675,3769.595,60.8827018195654,5.5583333335
"630",2020.02677595628,24.1,48.7102924776055,11.888,3782.504,58.3660107205814,6.7933333334
"631",2020.04590163934,24.904,45.2941917601109,10.9136,3787.902,58.1831926420562,5.9766666668
"632",2020.0650273224,24.594,45.2405099971023,10.5312,3736.572,55.069182845552,4.9833333336
"633",2020.08415300546,23.572,43.7218310496498,9.6638,3692.32,50.9113617028979,7.6166666666
"634",2020.10327868852,23.366,44.2052012564833,8.946,3800.174,49.667616334283,5.8
"635",2020.12240437158,24.502,45.996529956809,9.0364,3846.39,52.5803831813651,6.8433333334
"636",2020.14153005464,25.096,44.5802259469837,9.32,3741.806,53.069851583844,7.2366666666
"637",2020.1606557377,23.634,43.2317890390119,8.961,3414.778,46.7218459086464,5.5466666668
"638",2020.17978142077,23.656,42.5069618120222,8.8056,3177.06,38.6615583816669,7.2266666666
"639",2020.19890710383,21.186,43.2926063476685,9.0378,2603.536,29.0004844178912,9.36
"640",2020.21803278689,15.948,47.0448338009327,8.1718,2517.81,25.4733282547704,8.1700000004
"641",2020.23715846995,17.078,47.3184975606217,7.266,2785.818,25.275223534106,6.17
"642",2020.25628415301,18.696,43.2748968768415,7.0502,2737.084,28.3054655274013,9.5400000006
"643",2020.27413479053,20.5833333333333,42.4652099609375,7.13733333333333,2887.26666666667,28.662109375,11.4222222243333
"644",2020.29453551913,20.538,42.1718890871957,6.6966,2841.938,23.6416493403742,11.786666666
"645",2020.31366120219,20.504,39.714095498761,6.0282,2862.116,20.771535303473,12.836666666
"646",2020.33333333333,19.48,39.5464665243637,5.9865,2904.1,24.990245357938,11.9875
"647",2020.35191256831,19.024,40.5073347374644,5.6922,2880.084,27.6687728633189,12.1399999988
"648",2020.37103825137,19.324,39.7844509948416,5.0272,2831.188,29.8968312453943,12.0333333326
"649",2020.39016393443,21.342,39.4534819959788,4.2184,2944.682,32.8641930177298,16.946666666
"650",2020.40928961749,21.336,40.3474312075397,4.2086,3086.538,33.735786495594,17.826666666
"651",2020.42841530055,22.478,41.7293565802283,5.2972,3320.51,36.1200106204089,15.516666664
"652",2020.44754098361,22.362,40.187180439821,5.168,3194.214,35.3289811227288,17.430000002
"653",2020.46666666667,24.198,41.0267817421479,5.5198,3265.356,37.409022154996,19.486666668
"654",2020.48579234973,25.732,43.8490297311732,5.6522,3217.058,36.6209720491366,22.039999998
"655",2020.50491803279,28.394,45.0510430537062,6.0116,3302.902,38.0204172214825,19.266666668
"656",2020.52404371585,29.152,43.231556653724,5.4728,3302.974,37.8573949876456,18.973333332
"657",2020.54316939891,27.15,42.9895104895105,4.9844,3380.57,38.0944055944056,19.84
"658",2020.56229508197,26.158,42.5522790043401,4.9138,3331.958,37.4744823563721,20.806666666
"659",2020.58142076503,26.144,44.2216081509485,6.2688,3237.05,37.2014172614305,20.626666666
"660",2020.60054644809,26.46,43.7214031520081,7.6392,3270.65,37.9850872733435,22.92
"661",2020.61967213115,25.91,41.4908342054623,7.8466,3321.314,38.1519867661456,22.293333332
"662",2020.63879781421,26.752,40.6792848564808,8.2706,3302.56,38.1607212327261,21.48333333
"663",2020.65792349727,28.562,43.319081605171,10.6224,3310.686,38.4510503635874,17.48
"664",2020.67704918033,27.618,43.3871022285347,11.3118,3296.804,36.0065604815529,17.636666666
"665",2020.69617486339,28.806,43.6156549952684,10.67,3320.492,33.9360551574963,18.72
"666",2020.71530054645,28.11,44.0775086035906,11.423,3252.836,35.9113024903792,17.086666668
"667",2020.73442622951,26.78,46.6747755773316,12.2594,3182.86,36.1594600150757,14.403333334
"668",2020.75355191257,26.84,49.2632654799421,13.2438,3206.43,35.165658802487,13.333333334
"669",2020.77267759563,26.008,48.9349062208266,13.7592,3267.924,36.0434524314691,12.18
"670",2020.79180327869,24.998,48.5808603321536,14.4446,3236.364,36.6168663218078,9.976666666
"671",2020.81092896175,24.23,47.4379131375632,15.0286,3145.364,35.2284830349445,11.866666666
"672",2020.83005464481,23.694,44.712385972719,14.042,3000.008,33.2916873470366,11.643333334
"673",2020.84918032787,25.858,43.2533568126788,14.026,3286.242,35.1546758326419,9.336666666
"674",2020.86830601093,26.472,44.2792884199134,14.1596,3452.452,36.8100649350649,10.2199999992
"675",2020.88743169399,27.032,46.0974376264329,13.4074,3474.552,38.3243425488874,7.9899999992
"676",2020.90655737705,28.37,50.3445507459691,14.4998,3513.682,40.1200909881582,5.9233333332
"677",2020.92568306011,29.57,51.8060758073299,14.499,3526.728,40.2369597861421,4.1566666666
"678",2020.94480874317,30.806,54.9609130190982,16.0126,3512.526,41.2524326285582,5.5100000002
"679",2020.96393442623,31.25,56.458868368966,16.5278,3519.156,41.8481016799437,7.7266666666
"680",2020.98360655738,32.5075,57.5462233051455,18.2705,3559.83,41.9152726304797,5.43333333325
"681",2020.99590163934,32.335,56.4552314909239,19.049,3562.115,42.1904956149296,2.875
"682",2021.01232876712,33.66,53.924560546875,18.6795,3586.435,43.4102376302083,1.383333333425
"683",2021.02904109589,34.158,57.0745886294216,22.246,3627.136,46.0981377475613,1.70333333326
"684",2021.04821917808,32.608,55.8756996846259,19.9752,3608.006,45.8910555950002,3.96666666666
"685",2021.06739726027,33.534,55.6864036893684,20.2506,3568.36,45.7152268796838,4.3733333334
"686",2021.08657534247,35.05,53.9748676150794,18.4366,3570.924,47.5008714994771,4.9833333332
"687",2021.10575342466,38.582,55.957932334557,18.707,3660.492,50.2033931937692,0.41000000014
"688",2021.12493150685,38.912,52.6598558487073,16.9484,3707.42,52.461482510084,4.33
"689",2021.14410958904,38.234,52.8342245989305,16.1936,3698.736,53.3179761415056,9.7533333346
"690",2021.16328767123,37.62,54.3936526906351,15.8208,3693.682,53.3844570593898,6.6366666668
"691",2021.18246575342,40.386,55.1191015762703,17.0404,3776.878,57.5195984623391,5.4966666666
"692",2021.20164383562,42.334,56.0153462111947,17.9542,3846.288,56.588316105145,6.5833333334
"693",2021.22082191781,41.528,58.8691852126816,18.1316,3832.6,53.3163480520357,7.5633333334
"694",2021.24,42.05,59.833639518269,18.788,3908.184,54.6233925290876,12.3699999986
"695",2021.26301369863,43.86,57.8470683902083,19.353,3968.34,53.0241426688725,6.07222222233333
"696",2021.27835616438,43.99,57.6285379333445,19.6084,3975.488,54.1651314687657,6.8466666666
"697",2021.29753424658,45.332,59.539851275141,21.0044,3996.914,55.083096271897,9.5866666674
"698",2021.31671232877,47.452,61.4622057001239,21.101,4011.602,54.8269310202396,9.8566666666
"699",2021.33589041096,49.252,65.8727916368894,23.6876,3980.404,56.5490534993103,9.356666666
"700",2021.35506849315,53.104,70.3358362901229,25.5214,3980.708,56.3610858981764,12.996666666
"701",2021.37424657534,53.688,69.255010094047,25.0598,3993.254,55.5829106964072,13.120000002
"702",2021.39342465753,52.67,72.8106823953469,25.4738,4033.656,55.9072663226018,13.289999998
"703",2021.41260273973,51.356,77.6383763837638,25.4918,4069.902,57.5563755637556,17.523333332
"704",2021.43178082192,52.18,85.4575914854477,27.4148,4095.192,59.1846790618225,20.22
"705",2021.45095890411,51.844,88.3421838698971,28.226,4142.558,60.9044142051112,20.839999998
"706",2021.4701369863,53.498,90.0409505907626,30.664,4103.44,62.5218179377014,18.790000002
"707",2021.48931506849,56.042,98.6547839246679,33.7846,4092.254,62.932571044224,19.160000002
"708",2021.50849315068,54.842,105.558371346511,34.7054,4058.908,63.4245649602974,19.666666666
"709",2021.52767123288,53.032,109.573065612007,35.0632,4082.384,63.4536727174391,20.266666666
"710",2021.54684931507,51.888,112.341825830308,35.5468,4001.274,60.6540692743495,21.353333334
"711",2021.56602739726,52.978,108.204789933022,38.1758,4099.264,62.7646979230093,21.07
"712",2021.58520547945,54.678,111.253563656607,41.8608,4125.97,61.1312606487964,18.713333334
"713",2021.60438356164,56.946,118.91090627183,44.4832,4194.434,60.1659538941235,20.4
"714",2021.62356164384,56.28,121.98094393973,45.069,4188.534,58.6016465254223,19.253333334
"715",2021.64273972603,55.952,119.41492984607,43.9134,4170.598,59.1557689688053,18.466666666
"716",2021.66191780822,60.432,128.37449255751,49.9942,4209.112,60.9235453315291,17.133333334
"717",2021.68109589041,62.164,139.923357417786,54.3205,4205.476,60.8700790060099,19.346666666
"718",2021.7002739726,60.202,141.968613361353,63.7834,4173.472,62.9020777548046,17.576666668
"719",2021.71945205479,60.292,145.457957957958,71.1156,4123.418,64.2011329511329,14.846666668
"720",2021.73863013699,62.77,174.84899444025,81.939,4102.222,67.0430365845288,14.99
"721",2021.75780821918,61.93,211.488994389297,102.2144,4041.626,70.1130772550712,13.51
"722",2021.77698630137,59.384,207.962460464232,90.8616,4086.648,72.0095404345046,11.833333334
"723",2021.79616438356,57.662,202.044011630908,91.8854,4165.808,73.0716952564478,13.216666668
"724",2021.81534246575,59.108,200.94430492965,85.665,4211.168,72.9092848051188,11.456666668
"725",2021.83452054795,58.958,126.692105808412,69.6014,4294.04,71.7729124939568,9.376666666
"726",2021.85369863014,61.458,113.340037450586,73.6956,4353.404,72.2068104584229,7.8633333334
"727",2021.87287671233,66.602,111.537378572434,87.9964,4388.504,71.8305645501901,7.8233333332
"728",2021.89205479452,71.162,129.957986185288,89.8494,4309.694,71.7207861568041,5.7533333338
"729",2021.91123287671,75.806,109.60671674768,92.7872,4109.864,62.3208130799823,3.6033333336
"730",2021.9304109589,82.698,112.631187724546,95.4472,4186.97,65.2425534927349,2.7533333334
"731",2021.9495890411,82.12,127.513986261596,125.042,4177.652,65.8841441824233,5.94
"732",2021.96876712329,76.978,134.228425676633,153.912,4185.278,65.7060365594445,3.2466666666
"733",2021.98794520548,78.608,110.978688842983,101.491,4289.164,69.1102989211999,6.5599999998
"734",2021.99726027397,80.65,103.226941000615,70.343,4298.41,68.3900466016003,10.5
